{
  "masterPicture": "favicon.svg",
  "iconsPath": "/",
  "design": {
    "ios": {
      "pictureAspect": "backgroundAndMargin",
      "backgroundColor": "#ffffff",
      "margin": "14%",
      "assets": {
        "ios6AndPriorIcons": false,
        "ios7AndLaterIcons": false,
        "precomposedIcons": false,
        "declareOnlyDefaultIcon": true
      }
    },
    "desktopBrowser": {
      "design": "raw"
    },
    "windows": {
      "pictureAspect": "whiteSilhouette",
      "backgroundColor": "#da532c",
      "onConflict": "override",
      "assets": {
        "windows80Ie10Tile": false,
        "windows10Ie11EdgeTiles": {
          "small": false,
          "medium": true,
          "big": false,
          "rectangle": false
        }
      }
    },
    "androidChrome": {
      "pictureAspect": "noChange",
      "themeColor": "#ffffff",
      "manifest": {
        "display": "standalone",
        "orientation": "notSet",
        "onConflict": "override",
        "declared": true
      },
      "assets": {
        "legacyIcon": false,
        "lowResolutionIcons": false
      }
    },
    "safariPinnedTab": {
      "pictureAspect": "silhouette",
      "themeColor": "#5bbad5"
    }
  },
  "settings": {
    "scalingAlgorithm": "Mitchell",
    "errorOnImageTooSmall": false,
    "readmeFile": false,
    "htmlCodeFile": false,
    "usePathAsIs": false
  }
}
